name,employee number
izham,1
port,2
leha,3
lous,4
asd,5
izham,6
port,7
leha,8
port,9
asd,10
izham,11
port,12
leha,13
lous,14
asd,15
izham,16
port,17
leha,18
lous,19
asd,20
izham,21
port,22
leha,23
lous,24
asd,25
izham,26
port,27
leha,28
lous,29
asd,30
izham,31
port,32
leha,33
zion,34
asd,35
izham,36
port,37
leha,38
lous,39
asd,40
izham,41
port,42
leha,43
lous,44
asd,45
izham,46
port,47
leha,48
lous,49
asd,50
izham,51
port,52
leha,53
lous,54
asd,55
izham,56
port,57
leha,58
lous,59
asd,60
izham,61
port,62
leha,63
lous,64
asd,65
izham,66
port,67
leha,68
lous,69
asd,70
izham,71
port,72
leha,73
lous,74
asd,75
izham,76
port,77
leha,78
lous,79
asd,80
izham,81
port,82
leha,83
lous,84
asd,85
izham,86
port,87
leha,88
lous,89
asd,90
izham,91
port,92
leha,93
lous,94
asd,95
izham,96
port,97
leha,98
lous,99
asd,100
